Title,Description,Channel,Genre
Full Video | ‡§Æ‡§à‡§Ø‡§æ ‡§¨‡§æ‡§∞‡•Ä ‡§∏‡•Å‡§ï‡§µ‡§æ‡§∞ | #Karina Pandey | #Sovita Pandey | Maiya Bari Sukwar | Navratri Song,karinapandey #sovitapandey #karinapandeykaviralgana Full Video | ‡§Æ‡§à‡§Ø‡§æ ‡§¨‡§æ‡§∞‡•Ä ‡§∏‡•Å‡§ï‡§µ‡§æ‡§∞ | #Karina Pandey | #Sovita ...,PANDEY SISTERS  OFFICIAL,Bhakti
Radha Krishna Bhajan | 10 ‡§∞‡§æ‡§ß‡§æ ‡§ï‡•É‡§∑‡•ç‡§£ ‡§≠‡§ú‡§® | Krishna  Bhajan 2025 | Krishna Ji Ke Bhajan  | Bhajan,Radha Krishna Bhajan | 10 ‡§∞‡§æ‡§ß‡§æ ‡§ï‡•É‡§∑‡•ç‡§£ ‡§≠‡§ú‡§® | Krishan Bhajan 2025 | Radha Krishna ‡§§‡•ã ‡§Ü‡§à‡§è ‡§Ü‡§ú ‡§™‡§æ‡§µ‡§® ...,Bhakti Sadhna ‡§≠‡§ï‡•ç‡§§‡§ø ‡§∏‡§æ‡§ß‡§®‡§æ,Bhakti
Garuda Gamana Tava | Sri Maha Vishnu Stotram | Telugu Devotional Songs,GarudaGamanaTava | #mahavishnu Stotram | #TeluguDevotionalSongs | #devotional #telugu #telugu #vishnumantra Song ...,MS Music,Bhakti
Jai Maa Vaishno Devi All Song Vaishno Mata Songs Bhakti Song  Navratri special Song 2025,"Jai Maa Vaishno Devi All Songs | Vaishno Mata Songs, Devotional Songs, Navratri Special Songs, Devi Songs, New Bhakti ...",Bhanu Pratap Shastri,Bhakti
Beautiful Morning Bhajans | Krishna Bhajans | Bhakti Song | Shri Krishna Govind Hare Murari,Beautiful Morning Bhajans | Krishna Bhajans | Bhakti Song | Shri Krishna Govind Hare Murari ‡§Ü‡§™ ‡§∏‡§≠‡•Ä ‡§≠‡§ï‡•ç‡§§‡•ã‡§Ç ‡§∏‡•á ...,Nova Spiritual India,Bhakti
AMMA BHAVANI || GODDESS DURGA DEVI POPULAR BHAKTHI SONGS ||TELUGU DEVOTIONAL SONGS ||,Aditya Bhakti is a collection of Telugu Bhakti songs that are sure to elevate your spiritual experience. Experience the power of ...,Aditya Bhakthi,Bhakti
‡∞∂‡±ç‡∞∞‡±Ä ‡∞≤‡∞ï‡±ç‡∞∑‡±ç‡∞Æ‡±Ä‡∞¶‡±á‡∞µ‡∞ø ‡∞≠‡∞ï‡±ç‡∞§‡∞ø ‡∞™‡∞æ‡∞ü‡∞≤‡±Å | Sri Laxmi Devi Songs Telugu | Mahalaxmi Devotional Songs üé∂üôè,‡∞µ‡∞∞‡∞≤‡∞ï‡±ç‡∞∑‡±ç‡∞Æ‡±Ä ‡∞µ‡±ç‡∞∞‡∞§‡∞Ç ‡∞∏‡±ç‡∞™‡±Ü‡∞∑‡∞≤‡±ç ‡∞≠‡∞ï‡±ç‡∞§‡∞ø ‡∞™‡∞æ‡∞ü‡∞≤‡±Å | ‡∞≤‡∞ï‡±ç‡∞∑‡±ç‡∞Æ‡±Ä ‡∞∞‡∞æ‡∞µ‡±á ‡∞Æ‡∞æ ‡∞á‡∞Ç‡∞ü‡∞ø‡∞ï‡∞ø ...,Maha Mantram - ‡∞Æ‡∞π‡∞æ ‡∞Æ‡∞Ç‡∞§‡±ç‡∞∞‡∞Ç ,Bhakti
12 ‡§µ‡§ø‡§ü‡•ç‡§†‡§≤ ‡§≠‡§ï‡•ç‡§§‡§ø‡§ó‡•Ä‡§§ ‡§µ ‡§Ö‡§≠‡§Ç‡§ó | ‡§µ‡§ø‡§†‡•Ç ‡§Æ‡§æ‡§ä‡§≤‡•Ä ‡§§‡•Ç ‡§Æ‡§æ‡§ä‡§≤‡•Ä ‡§ú‡§ó‡§æ‡§ö‡•Ä  | ‡§µ‡§ø‡§†‡•ç‡§†‡§≤ ‡§≠‡§ï‡•ç‡§§‡§ø‡§ó‡•Ä‡§§‡•á | 13 Vitthal Songs Marathi,12 ‡§µ‡§ø‡§ü‡•ç‡§†‡§≤ ‡§≠‡§ï‡•ç‡§§‡§ø‡§ó‡•Ä‡§§ ‡§µ ‡§Ö‡§≠‡§Ç‡§ó | ‡§µ‡§ø‡§†‡•Ç ‡§Æ‡§æ‡§ä‡§≤‡•Ä ‡§§‡•Ç ‡§Æ‡§æ‡§ä‡§≤‡•Ä ‡§ú‡§ó‡§æ‡§ö‡•Ä | ‡§µ‡§ø‡§†‡•ç‡§†‡§≤ ...,Wings Marathi Bhakti,Bhakti
‡§§‡•Ä‡§® ‡§¨‡§æ‡§£ ‡§ï‡•á ‡§ß‡§æ‡§∞‡•Ä‡••‡§õ‡•ã‡§ü‡•Ç ‡§∏‡§ø‡§Ç‡§π ‡§∞‡§æ‡§µ‡§£‡§æ||New bhajan ||Khatu Shyam|| Teen ban ke dhari ||Chotu Singh Rawna,re-editing vlog wala ladka jai shree shyam insta id ...,vlog wala ladka,Bhakti
‡§¨‡§¢‡§º‡§æ ‡§π‡•Ä ‡§¶‡§Ø‡§æ‡§≤‡•Å ‡§π‡•à ‡§¨‡§æ‡§Ç‡§ï‡•á ‡§¨‡§ø‡§π‡§æ‡§∞‡•Ä~bada hi dayalu hai banke bihari~chitra vichitra ji song~kanhiya song,‡§¨‡§¢‡§º‡§æ ‡§π‡•Ä ‡§¶‡§Ø‡§æ‡§≤‡•Å ‡§π‡•à ‡§¨‡§æ‡§Ç‡§ï‡•á ‡§¨‡§ø‡§π‡§æ‡§∞‡•Ä~bada hi dayalu hai banke bihari~chitra vichitra ji song~kanhiya song ...,Mann Ke Bhajan,Bhakti
Diwali Special ~ Jubin Nautiyal New Bhakti Songs Jukebox 2024 | Mere Ghar Ram Aaye Hai Song Jubin,Jubin Nautiyal Presents His New Bhakti Songs Jukebox 2022 #Trending_1_On_Music #JubinNautiyal #Newsongs ...,SM Creations,Bhakti
"‡§®‡§µ‡§∞‡§æ‡§§‡•ç‡§∞‡§ø Special:SONU NIGAM Devi Bhajan,Sawan Ki Rut Hai Aaja Maa with Lyrics,‡§∏‡§æ‡§µ‡§® ‡§ï‡•Ä ‡§∞‡•Å‡§§ ‡§π‡•à ‡§Ü‡§ú‡§æ ‡§Æ‡§æ‡§Å",https://youtu.be/mEfgVVZTI9Q     Subscribe: http://www.youtube.com/tseriesbhakti Devi Bhajan: Sawan Ki Rut Hai Aaja Maa ...,T-Series Bhakti Sagar,Bhakti
#Video - ‡§¨‡§ò‡§µ‡§æ ‡§Ü‡§à‡§≤ ‡§¨‡§æ - #Tuntun Yadav | Goldi Yadav | Baghawa Aail Ba | New  Hit Devi Geet 2025,Video - ‡§¨‡§ò‡§µ‡§æ ‡§Ü‡§à‡§≤ ‡§¨‡§æ - #Tuntun Yadav | Goldi Yadav | Baghawa Aail Ba | New Hit Devi Geet 2025 Make Reels Link ...,Hero Music,Bhakti
Jubin Nautiyal Navratri 2023 Special Mata Rani Bhakti Songs Jukebox | ‡§®‡§µ‡§∞‡§æ‡§§‡•ç‡§∞‡§ø 2  ‡§¶‡§ø‡§® ‡§Æ‡§æ‡§Å ‡§≠‡§ï‡•ç‡§§‡§ø ‡§≠‡§ú‡§®,Jubin Nautiyal Presents His New Bhakti Songs Jukebox 2022 #Trending_1_On_Music #JubinNautiyal #Newsongs ...,SM Creations,Bhakti
"LAKHBIR SINGH LAKKHA | Devi Bhajan | Bangla Diya Gaadi Di | üôèAaye Maiya Ke Navrate,‡§Æ‡§æ‡§§‡§æ ‡§ï‡•á ‡§≠‡§ú‡§®",https://youtu.be/U4RhO513gBA     Subscribe: http://www.youtube.com/tseriesbhakti Devi Bhajan: Bangla Diya Gaadi Di Singer: ...,T-Series Bhakti Sagar,Bhakti
KARTHIKA SUKRAVARAM SPECIAL | Lakshmi Devi Devotional Songs 2025 | Telugu Bhakti Geethalu,karthikamasam #telugudevotionalsongs #telugubhakthisongs #devotionaltime Watch ‚ñªKARTHIKA SUKRAVARAM SPECIAL ...,Devotional Time,Bhakti
Jubin Nautiyal Bhakti songs | Best Songs Of Jubin Nautiyal | Bhajan Songs,jubinnautiyal #bhaktisong #kabira #srikrishnagovinda #merimaakebarabarkoinahifullsong #govindboloharigopalbolo ...,Love The Songs,Bhakti
‡∞π‡∞∞‡∞ø‡∞π‡∞∞‡∞ø ‡∞ó‡±ã‡∞µ‡∞ø‡∞Ç‡∞¶ | HARI HARI GOVINDA | Tirumala Balaji Songs | Venkateswara Swamy Telugu Bhakti Songs,‡∞π‡∞∞‡∞ø‡∞π‡∞∞‡∞ø ‡∞ó‡±ã‡∞µ‡∞ø‡∞Ç‡∞¶ | HARI HARI GOVINDA | Tirumala Balaji Songs | Venkateswara Swamy Telugu Bhakti Songs ...,Bhakthi Peetham - ‡∞≠‡∞ï‡±ç‡∞§‡∞ø ‡∞™‡±Ä‡∞†‡∞Ç ,Bhakti
‡§¶‡•Ä‡§™‡§æ‡§µ‡§≤‡•Ä ‡§®‡•â‡§®‡§∏‡•ç‡§ü‡•â‡§™ ‡§∞‡§æ‡§Æ ‡§≠‡§ú‡§® - Diwali NonStop Ram Bhajan - Ram Aayenge To Angana Sajaungi | Bhakti Song,‡§¶‡•Ä‡§™‡§æ‡§µ‡§≤‡•Ä ‡§®‡•â‡§®‡§∏‡•ç‡§ü‡•â‡§™ ‡§∞‡§æ‡§Æ ‡§≠‡§ú‡§® - Diwali NonStop Ram Bhajan - Ram Aayenge To Angana Sajaungi | Bhakti ...,Bhakti Group,Bhakti
Non Stop Shiv Bhajan | Mahadev Songs | ‡§∂‡•ç‡§∞‡§æ‡§µ‡§£ ‡§Æ‡§æ‡§∏ ‡§ï‡•á ‡§≠‡§ú‡§® | Bhakti Song | ‡•ê ‡§®‡§Æ: ‡§∂‡§ø‡§µ‡§æ‡§Ø‡§É | ‡§∂‡§ø‡§µ ‡§≠‡§ú‡§®,Non Stop Shiv Bhajan | Mahadev Songs | ‡§∂‡•ç‡§∞‡§æ‡§µ‡§£ ‡§Æ‡§æ‡§∏ ‡§ï‡•á ‡§≠‡§ú‡§® | Bhakti Song | ‡•ê ‡§®‡§Æ: ‡§∂‡§ø‡§µ‡§æ‡§Ø‡§É | ‡§∂‡§ø‡§µ ‡§≠‡§ú‡§® ...,Nova Spiritual India,Bhakti
Full Video | ‡§Ü‡§π‡•á ‡§Ü‡§¶‡§ø‡§§‡§Æ‡§≤ | #Karina Pandey | #Sovita Pandey | Aahe Aaditmal | Chhath Special Song 2025,Karinapandey #sovitapandey #karinapandeykagana Full Video | ‡§Ü‡§π‡•á ‡§Ü‡§¶‡§ø‡§§‡§Æ‡§≤ | #Karina Pandey | #Sovita Pandey | Aahe ...,PANDEY SISTERS  OFFICIAL,Bhakti
LIVE : DIWALI 2025 SPECIAL - LAKSHMI DEVI DEVOTIONAL SONGS | LAKSHMI DEVI | TELUGU BHAKTI SONGS,LIVE : DIWALI 2025 SPECIAL - LAKSHMI DEVI DEVOTIONAL SONGS | LAKSHMI DEVI | TELUGU BHAKTI SONGS ...,Mana Devotional,Bhakti
‡§ï‡§ø‡§∂‡•ã‡§∞‡•Ä ‡§ï‡•Å‡§õ ‡§ê‡§∏‡§æ ‡§á‡§Ç‡§§‡§ú‡§æ‡§Æ ‡§π‡•ã ‡§ú‡§æ‡§è | Kishori Kuch aisa Intejam ho Jaye Full song | RADHA RANI BHAJAN,‡§ï‡§ø‡§∂‡•ã‡§∞‡•Ä ‡§ï‡•Å‡§õ ‡§ê‡§∏‡§æ ‡§á‡§Ç‡§§‡§ú‡§æ‡§Æ ‡§π‡•ã ‡§ú‡§æ‡§è | Kishori Kuch aisa Intejam ho Jaye Full song #radharanibhajan ...,Shiv Tatva ,Bhakti
‡§™‡§ï‡§°‡§º ‡§≤‡•ã ‡§π‡§æ‡§• ‡§¨‡§®‡§µ‡§æ‡§∞‡•Ä Pakad Lo Hath Banvari - Krishna Bhajan | Bhajan Songs | Nahin To Doob Jaenge,‡§™‡§ï‡§°‡§º ‡§≤‡•ã ‡§π‡§æ‡§• ‡§¨‡§®‡§µ‡§æ‡§∞‡•Ä Pakad Lo Hath Banvari - Krishna Bhajan | Bhajan Songs | Nahin To Doob Jaenge ‡§Ü‡§™ ...,Nova Spiritual India,Bhakti
Keejo Kesari Ke Laal ~ ‡§ï‡•Ä‡§ú‡•ã ‡§ï‡•á‡§∏‡§∞‡•Ä ‡§ï‡•á ‡§≤‡§æ‡§≤ | Lakhbir Singh Lakkha Hanuman Bhajan | NonStop Bhajan üôèüèª,‡§Ü‡§™ ‡§∏‡§≠‡•Ä ‡§≠‡§ï‡•ç‡§§‡•ã‡§Ç ‡§∏‡•á ‡§Ö‡§®‡•Å‡§∞‡•ã‡§ß ‡§π‡•à ‡§ï‡§ø ‡§Ü‡§™ @Spiritualbhaktiindia ‡§ö‡•à‡§®‡§≤ ‡§ï‡•ã ‡§∏‡§¨‡•ç‡§∏‡§ï‡•ç‡§∞‡§æ‡§á‡§¨ ‡§ï‡§∞‡•á‡§Ç ...,Spiritual Bhakti India,Bhakti
Nagula Chavithi Special Songs Jukebox | Telugu Devotional Songs | Naga Devatha Bhakti Songs,Nagula Chavithi Special Songs Jukebox ‚Äî a divine collection of Telugu devotional songs dedicated to Naga Devatha (Serpent ...,SRI MATHA MUSICHOUSE27,Bhakti
Suno Krishna Pyaare | Swati Mishra Bhakti Song | Mohit Musik,krishnabhajan #bhajan #sunokrishnapyaare #swatimishra #swatimishrabhajan ‚ô™Full Song Available on‚ô™ JioSaavn: Spotify ...,Swati Mishra Bhakti,Bhakti
Adharam Madhuram Lofi - Krishna Bhajan | Bhakti Song | Bhajan Song | Madhurashtakam,Adharam Madhuram Lofi - Krishna Bhajan | Bhakti Song | Bhajan Song | Madhurashtakam ‡§Ü‡§™ ‡§∏‡§≠‡•Ä ‡§≠‡§ï‡•ç‡§§‡•ã‡§Ç ‡§∏‡•á ...,Nova Bhajan Kirtan,Bhakti
‡§∏‡§æ‡§Ç‡§∏‡•ã ‡§ï‡•Ä ‡§Æ‡§æ‡§≤‡§æ ‡§™‡•á ‡§∏‡§ø‡§Æ‡§∞‡•Å ‡§Æ‡•à‡§Ç ‡§∂‡§ø‡§µ ‡§ï‡§æ ‡§®‡§æ‡§Æ - Sejal Keshari - Sanso Ki Mala - Shiv Bhajan - Bhakti Song,‡§∏‡§æ‡§Ç‡§∏‡•ã ‡§ï‡•Ä ‡§Æ‡§æ‡§≤‡§æ ‡§™‡•á ‡§∏‡§ø‡§Æ‡§∞‡•Å ‡§Æ‡•à‡§Ç ‡§∂‡§ø‡§µ ‡§ï‡§æ ‡§®‡§æ‡§Æ - Sejal Keshari - Sanso Ki Mala - Shiv Bhajan - Bhakti Song ...,Supernal Records India,Bhakti
‡§∞‡§æ‡§Æ ‡§≠‡§ú‡§® || ‡§®‡§ó‡§∞‡•Ä ‡§π‡•ã ‡§Ö‡§Ø‡•ã‡§ß‡•ç‡§Ø‡§æ ‡§∏‡•Ä || Nagri Ho Ayodhya Si || Roshni Pandey || Lotus Bhakti Sagar,For Create Reels :- ‚ù§ ‡§≠‡§ï‡•ç‡§§‡§ø ‡§™‡•Ç‡§∞‡•ç‡§£ ‡§ó‡§æ‡§®‡•ã‡§Ç ‡§ï‡•á ‡§≤‡§ø‡§è ‡§ï‡•ç‡§≤‡§ø‡§ï ‡§ï‡§∞‡•á‡§Ç ...,Lotus Bhakti Sagar,Bhakti
Sundari (Official Video) Sanju Rathod Ft. Yashika Jatav | G-Spark | Marathi Song 2025,"Sanju Rathod presents the official music video of Sundari. This track is a beautiful mix of Marathi folk, commercial pop, and ...",Sanju Rathod SR,Romantic
"Best of Emraan Hashmi | Top 12 Hit Songs | Romantic, Dance &amp; Melodic Hits","""Get ready to relive the magic of Emraan Hashmi's iconic songs in this ultimate playlist! From soulful melodies to foot-tapping ...",GlobalSongs,Romantic
"90‚ÄôS Old Hindi Songsü•∞ 90s Love Songüíò Udit Narayan, Alka Yagnik, Kumar Sanu, Sonu Nigam","90'S Old Hindi Songs   90s Love Song  Udit Narayan, Alka Yagnik, Kumar Sanu, Sonu Nigam songs Hindi Jukebox songs ...",Mandeep Dildaar,Romantic
"‚ù§Ô∏èUnconfessed Love - Romantic Songs‚ù§Ô∏è | Apna Bana Le, Channa Ve, Dil Jhoom, Zaalima |Romantic Mashup",SUBSCRIBE to Timeless Tunes -https://bit.ly/4arAxZd Tracklist   Apna Bana Le Thoda Thoda Pyaar Dil Jhoom Pal Pal Dil Ke ...,Timeless Tunes,Romantic
"&quot;Kabhi Jo Badal Barse&quot; Song Video Jackpot | Arijit Singh | Sachiin J Joshi, Sunny Leone","Presenting Jackpot movie latest video ""Kabhi Jo Baadal Barse"" in voice of Arijit Singh featuring Sachiin J Joshi, Sunny Leone ...",T-Series,Romantic
90s Romantic Love Songs | 90 Hits Hindi Songs | 90s Sadabahar Gane | 90s Purane Gane | Old Songs,Relive the golden era of Bollywood with this collection of 90's Old Hindi Songs ‚Äî a timeless blend of evergreen romantic hits and ...,Tips Official,Romantic
80‚Äôs ‡§ï‡•á ‡§∏‡•Å‡§™‡§∞‡§π‡§ø‡§ü ‡§ó‡§æ‡§®‡•á I ‡§∏‡§¶‡§æ‡§¨‡§π‡§æ‡§∞ ‡§™‡•Å‡§∞‡§æ‡§®‡•á ‡§ó‡§æ‡§®‡•á I Old is Gold I Bollywood Old Hindi Songs I ‡§≤‡§§‡§æ ‡§Æ‡§Ç‡§ó‡•á‡§∂‡§ï‡§∞,80's Ke Superhit Gane II 80's Superhits II Bollywood Romantic Songs II Old is Gold II Evergreen Old Song II Bollywood Old ...,Jiabur Gaming ,Romantic
Satinder sartaj all love  top5 song Punjabi #comparison #ali73tv jutt #ekmotahathighumechala,Artist:- satinder sartaj Satinder Sartaj all song | Sanu Aaj Kal Sheesha Bada Ched Da Punjabi Song | Badi Lambi Hai Kahani Mere ...,iMannu.Pandit,Romantic
Best of 2000s Bollywood Songs,"Mohit Chauhan Jukebox Enjoy a collection of some of the most iconic Bollywood tracks sung by the talented Mohit Chauhan, ...",Utsav Unfiltered,Romantic
Sanam Teri Kasam All Songs Jukebox Romantic Songs Trending Songs,Sanam Teri Kasam All Songs Jukebox Romantic Songs Trending Songs #hindisadsongs #song #bolleywoodsong ...,Rakesh Poddar Mtr,Romantic
True Love Mashup 2025 | Nonstop ArijitSingh | Jukebox | Latest Romantic Songs |,True Love Mashup 2025 | Nonstop Arijit Singh | Jukebox | Latest Romantic Songs |. Use headphone for best experience,Love status sj ,Romantic
Non Stop Love Mashup 2025 || Arijit Singh Love Songs || Romantic Songs 2025,Non Stop Love Mashup 2025 | Arijit Singh Romantic Hits | Best Love Songs Collection 2025 Get ready to fall in love all over ...,Sweet Harmony,Romantic
üíñ Best Romantic Bollywood Songs | Heart-Touching True Love Hits üé∂,Best Romantic Bollywood Songs | Heart-Touching True Love Hits Welcome to Remix By AD7 ‚Äì Where Music Lives Forever!,Remix By AD7,Romantic
"Nonstop Hits Of Udit Narayan, Alka Yagnik &amp; Kumar sanu | Evergreen Bollywood Hits | 90s Hindi Songs",Relive the golden era of Bollywood with 90s Sadabahar Purane Gane! Enjoy the ultimate collection of 90s Hits Hindi Songs filled ...,Tips Official,Romantic
TOP 5 ROMANTIC SONGS OF EMRAAN HASHMI  \ BEST ROMANTIC SONGS OF EMRAAN HASHMI \ ROMANTIC SONGS,TOP 5 ROMANTIC SONGS OF EMRAAN HASHMI \ BEST ROMANTIC SONGS OF EMRAAN HASHMI \ ROMANTIC SONGS.,All Types Of Fabric ,Romantic
New Trending Love Songs | Hindi Romantic Songs Collection | New Hindi Love Songs #viral,New Trending Love Songs | Hindi Romantic Songs Collection | New Hindi Love Songs 2025 | Nonstop Romantic Songs Playlist ...,Grow Music ,Romantic
"90s Romantic Songs | Hind Gane | 90s Hits Hindi Songs | Old Hindi Songs | Sadabahar Song, Love Songs",Lose yourself in the magic of 90s Romantic Songs ‚Äì the era of true love and timeless melodies! From Hindi Gane to Old Hindi ...,Tips Official,Romantic
Best of ATIF ASLAM Songs | Bollywood Romantic Love Songs | Audio Jukebox | Hindi Hit Songs,Best of ATIF ASLAM Songs | Bollywood Romantic Love Songs | Audio Jukebox | Hindi Hit Songs #atifaslamsongs #atifaslam ...,Balkrishan Khatri,Romantic
90&#39;s ‡§∏‡•Å‡§™‡§∞‡§π‡§ø‡§ü‡•ç‡§∏ ‡§ó‡§æ‡§®‡•á | Sadabahar Gaane | 90&#39;s Bollywood Evergreen Songs | 90&#39;s All Time Hits Songs,90's ‡§∏‡•Å‡§™‡§∞‡§π‡§ø‡§ü‡•ç‡§∏ ‡§ó‡§æ‡§®‡•á | Sadabahar Gaane | 90's Bollywood Evergreen Songs | 90's All Time Hits Songs 00:00 Dil ...,90's Dard - Bollywood Songs,Romantic
Top 10 Best Romantic songs of Shreya Ghoshal 2025 | HM LO-FI üé∂ | #shortsfeed #shreyaghoshal,Top 10 Best Romantic songs of Shreya Ghoshal 2025 | HM LO-FI | #shortsfeed #shreyaghoshal If you like this video then don't ...,HM LO-FI üé∂,Romantic
Saiyaara Movie All Songs | #saiyaara #sadsong,Saiyaara Movie All Songs | Jukebox | Shiv-Kanya Lo-fi | #song‚Äã‚Äã #jukebox‚Äã‚Äã #yrf‚Äã‚Äã #lovesong‚Äã‚Äã #love‚Äã‚Äã #musicCredit‚Äã‚Äã ...,MK LOFI WORLD,Romantic
Romantic Love Mashup 2025 | Nonstop - Jukebox | Arijit Singh | Latest Romantic Songs | Rolex Music,Romantic Love Mashup 2025 | Nonstop - Jukebox | Arijit Singh | Latest Romantic Songs | Rolex Music Music By - Rolex Music ...,Rolex Music,Romantic
Best Romantic Hindi Songs 2025 |  New Romantic Song | Bollywood Love Hits Jukebox,Best Romantic Hindi Songs 2025 | New Romantic Song | Bollywood Love Hits Jukebox https://youtu.be/0VJPnZV7u10.,The Bollywood Fusion,Romantic
Vibes of Love Mashup 2025 | Nonstop - Jukebox | Arijit Singh | Latest Romantic Songs | Rolex Music,Vibes of Love Mashup 2025 | Nonstop - Jukebox | Arijit Singh | Latest Romantic Songs | Rolex Music Music By - Rolex Music ...,Rolex Music,Romantic
Non Stop Road Trip Love Hits - Full Album | 3 Hour Non-Stop Romantic Songs | 50 Superhit Love Songs,SUBSCRIBE to Timeless Tunes -https://bit.ly/4arAxZd Tracklist: 00:00:00 - Apna Bana Le 00:04:22 - Rabba Janda 00:08:27 ...,Timeless Tunes,Romantic
Vibes Of Love Mashup || Latest Bollywood Songs Jukebox 2025  || Romantic Jukebox Nonstop,"Vibes Of Love Mashup || Latest Bollywood Songs Jukebox 2025 || Romantic Jukebox Nonstop Welcome to ""Vibes Of Love ...",Sweet Harmony,Romantic
"90‚ÄôS Old Hindi Songsü•∞ 90s Love Songüíò Udit Narayan, Alka Yagnik, Kumar Sanu, Sonu Nigam","90'S Old Hindi Songs   90s Love Song  Udit Narayan, Alka Yagnik, Kumar Sanu, Sonu Nigam songs Hindi Jukebox songs ...",Mandeep Dildaar,Romantic
Best Of Arijit Singh Romantic Songs |#arijitsingh #romanticsongs #bestofbest Arijit Singh all Sonng,Few Trending Videos Video 1: https://www.youtube.com/watch?v=D6T3PPjHZ1Q Video 2: ...,Ronak Bhatt,Romantic
"WAJAH TUM HO Full Video Song | HATE STORY 3 Songs | Zareen Khan, Karan Singh Grover | T-Series","Presenting Wajah Tum Ho HATE STORY 3 Full Video Song in the voice of Armaan Malik starring Karan Singh Grover, Zareen ...",T-Series,Romantic
‡¥™‡µç‡¥∞‡¥£‡¥Ø‡¥Ç ‡¥§‡µÅ‡¥≥‡µÅ‡¥Æ‡µç‡¥™‡µÅ‡¥Ç ‡¥Ö‡¥®‡µÅ‡¥∞‡¥æ‡¥ó ‡¥ó‡¥æ‡¥®‡¥ô‡µç‡¥ô‡µæ | Malayalam Romantic Songs | Malayalam Film Songs | Evergreen Songs,‡¥™‡µç‡¥∞‡¥£‡¥Ø‡¥Ç ‡¥§‡µÅ‡¥≥‡µÅ‡¥Æ‡µç‡¥™‡µÅ‡¥Ç ‡¥Ö‡¥®‡µÅ‡¥∞‡¥æ‡¥ó ‡¥ó‡¥æ‡¥®‡¥ô‡µç‡¥ô‡µæ | Malayalam Romantic Songs | Malayalam Film Songs ...,Malayalam Cassettes Jukebox,Romantic
&quot;Soda Pop&quot; Official Lyric Video | KPop Demon Hunters | Sony Animation,Listen to the KPop Demon Hunters soundtrack here: https://kpopdemonhunters.lnk.to/Soundtrack About KPop Demon Hunters: ...,Sony Pictures Animation,Pop
‚ÄúGolden‚Äù Official Lyric Video | KPop Demon Hunters | Sony Animation,"We're going up, up, up. Watch the official lyric video for ‚ÄúGolden‚Äù from KPop Demon Hunters. KPop Demon Hunters is now on ...",Sony Pictures Animation,Pop
"Oh Mama! TETEMA (Song) | Rayvanny, Nora Fatehi | Shreya Ghoshal, Vishal Mishra, Sanjoy | Bhushan K",Presenting ‚ÄúOh Mama! TETEMA (Song)‚Äù Feat. Rayvanny & Nora Fatehi. Gulshan Kumar & T-Series Present Bhushan Kumar's ‚ÄúOh ...,T-Series,Pop
Taylor Swift - The Fate of Ophelia (Official Music Video),The official music video for ‚ÄúThe Fate of Ophelia‚Äù Stream/download 'The Life of a Showgirl': ...,Taylor Swift,Pop
JISOO X ZAYN - EYES CLOSED (OFFICIAL MV),JISOO X ZAYN - EYES CLOSED (OFFICIAL MV) Follow JISOO youtube : www.youtube.com/@sooyaaa__ instagram ...,JISOO,Pop
Sabrina Carpenter - Manchild (Official Video),Stream ‚ÄúManchild‚Äù here: https://sabrinacarpenter.lnk.to/Manchild New merch available: ...,SabrinaCarpenterVEVO,Pop
Spotify VIRAL Music 2025 ~ Top Spotify Songs Mix üéß Trending Songs 2025 ~ Best Pop Hits Playlist 2025,Spotify VIRAL Music 2025 ~ Top Spotify Songs Mix Trending Songs 2025 ~ Best Pop Hits Playlist 2025 ...,Dynamic Deep House,Pop
Mercy - Badshah Feat. Lauren Gottlieb | Official Music Video | Latest Hit Song 2017,"Listen & Download ""Mercy"" : https://smi.lnk.to/Mercy BADSHAH, the #1 Hit Machine is back with a bang with a sensational new ...",Sony Music India,Pop
Top 5 Most Popular Zubeen Garg Songsüò≠üéß| Ya Ali-Mayabini | Legend Never Die | #explore‚Äã #ytshorts‚Äã,Top 5 Most Popular Zubeen Garg Songs    | Ya Ali-Mayabini | Legend Never Die | #explore‚Äã #ytshorts‚Äã Top 5 Most Popular ...,GOD R,Pop
"Lady Gaga, Bruno Mars - Die With A Smile (Official Music Video)","MAYHEM OUT NOW http://ladygaga.com Listen to ‚ÄúDie With A Smile‚Äù, song and video out now: ...",LadyGagaVEVO,Pop
"Top 20 Pop Songs 2025 ‚ô´ Bruno Mars, Lady Gaga, Dua Lipa, Adele, Ed Sheeran, The Weeknd #18","Top 20 Pop Songs 2025 ‚ô´ Bruno Mars, Lady Gaga, Dua Lipa, Adele, Ed Sheeran, The Weeknd #18 Listen & Download ...",Slow Acoustic,Pop
"Billboard Pop Songs 2025 Playlist ‚ú®Ed Sheeran, The Weeknd, Bruno Mars, Rihanna, Sia, Adele, Dua Lipa","popmusic #TopHits2025 #PopMusic #NewPopularSongs #BestEnglishSongs Billboard Pop Songs 2025 Playlist ‚ú®Ed Sheeran, ...",Top Song 2025,Pop
Tauba Tauba | Bad Newz | Vicky Kaushal | Triptii Dimri | Karan Aujla,"Experience the magic of Vicky Kaushal, Triptii Dimri and Karan Aujla's first-ever collaboration in ""Tauba Tauba"" from Bad Newz!",Saregama Music,Pop
‚ÄúWhat It Sounds Like‚Äù Song Clip | KPop Demon Hunters | Netflix Family,"Rumi, Zoey, and Mira reunite on stage to fight Gwi-Ma and his demon army while singing the song they couldn't write. Sing along ...",Netflix Family,Pop
KGF: Gali Gali 8K Video Song | Neha Kakkar | Mouni Roy | Tanishk Bagchi | Rashmi Virag | T-Series,"Presenting the 8K Video Song ""Gali Gali"" from the film ""KGF"". Ritesh Sidhwani, Farhan Akhtar And AA Films Presents A Hombale ...",T-Series,Pop
Sabrina Carpenter - Espresso,"Music video by Sabrina Carpenter performing Espresso.¬© 2024 Island Records, a division of UMG Recordings, Inc.",SabrinaCarpenterVEVO,Pop
Top Hits 2025 ~ Summer Playlist 2025 ~ Top Songs 2025 Trending Music üé∂üéß,"Welcome to your ultimate summer soundtrack. This summer playlist is packed with the top hits 2025, blending the biggest ...",Revive Music,Pop
K-Pop Demon Hunters Songs on Cool Instruments!,Your favorite songs from K-Pop Demon Hunters but on Cool Musical Instruments! Shoutout to my kids Chet and Alex who ...,Joe Porter,Pop
Saja Boys - Soda Pop (Lyrics) | K-Pop Demon Hunters Soundtrack,Follow the official 7clouds playlist on Spotify : http://spoti.fi/2SJsUcZ ‚Äã   Saja Boys - Soda Pop (Lyrics) | K-Pop Demon Hunters ...,7clouds,Pop
Real-Life Rumi Sings &quot;Soda Pop&quot; - &quot;KPop Demon Hunters (ÏºÄÏù¥Ìåù Îç∞Î™¨ ÌóåÌÑ∞Ïä§)&quot; - Part 1,"""Soda Pop"" is a song performed by Andrew Choi, Neckwav, Danny Chung, Kevin Woo, and SamUIL Lee as the fictional boy band ...",Jubilee Christ,Pop
Tyla - IS IT (Official Music Video),"Tyla - IS IT (Official Music Video) ""IS IT"" available at: https://tyla.lnk.to/ISIT Follow Tyla: https://instagram.com/tyla ...",TylaVEVO,Pop
Vidya Vox - Be Free (Pallivaalu Bhadravattakam) ft. Vandana Iyer,"Official video for Vidya Vox's 2016 single ""Be Free"" and Malayalam folk song ""Pallivaalu Bhadravattakam"", by Vandana Iyer from ...",Vidya Vox,Pop
Pop Music 2025 - Top Pop Songs 2025 - Billboard Top 100 üéßüî• Justin Bieber Billie Eilish Miley Cyrus,"The ultimate pop music 2025 mix ‚Äî a nonstop pop playlist of the biggest pop hits, new pop songs, and chart-topping favorites.",Revive Music,Pop
"Pop Song 2025 - Bruno Mars, Adele, Dua Lipa, Ed Sheeran, Selena Gomez, Maroon 5, Taylor Swift","Get a sneak peek at the future of pop music with this compilation of songs from Bruno Mars, Adele, Dua Lipa, Ed Sheeran, and ...",Pop Music,Pop
Alisha Chinai - Made In India - Alisha Chinai | Official Lyric Video,"Made In India - Alisha Chinai | Official Video | Biddu | Shyam Anuragi Description Presenting the iconic ""Made In India"" in its lyrical ...",SonyMusicIndiaVEVO,Pop
K-POP DEMON HUNTERS PLAYLIST OST,"Get ready to vibe with the hottest remixes! If you enjoy this video, make sure to LIKE, SUBSCRIBE, and turn on the for more ...",TRAP MISC ,Pop
&quot;Soda Pop&quot; IRL Live Action Music Video | KPop Demon Hunters Saja Boys | Dance Cover | Sony Animation,sodapop #sajaboys #kpopdemonhunters Soda Pop Cover song lead vocals by Uncle Nick - https://www.instagram.com/nick_l_le/ ...,Le Gianna,Pop
"Top 20 Pop Songs 2025 ‚ô´ Bruno Mars, Lady Gaga, Dua Lipa, Adele, Ed Sheeran, The Weeknd #3","Top 20 Pop Songs 2025 ‚ô´ Bruno Mars, Lady Gaga, Dua Lipa, Adele, Ed Sheeran, The Weeknd #3 Listen & Download ...",Slow Acoustic,Pop
KATSEYE - Gabriela (Lyrics),Follow the official 7clouds playlist on Spotify : http://spoti.fi/2SJsUcZ ‚Äã   KATSEYE - Gabriela (Lyrics) ‚è¨ Download / Stream: ...,7clouds,Pop
The Songs perfectly matches the scene üòç ( KPop Demon Hunters ),Credit: Sony Pictures Animation KPop Demon Hunters Sources: Netflix ROS√â Black Eyed Peas Laila Inspired by ...,Pop Realm,Pop
Chill Lofi Mix [chill lo-fi hip hop beats],"YouTube Playlists: http://listen.settle.fm/youtube Listen on Spotify, Apple Music & more: https://listen.settle.fm/playlists Tracklist ...",Settle,Lofi
90&#39;s Chill Lofi ‚òïÔ∏è Study Music Lofi Rain Chillhop Beats ‚òîÔ∏è Lofi Rain Playlist,The Japanese Town is dedicated for lofi beats & lofi rain music. We present relaxing rain Atmosphere and lofi ambience which is ...,The Japanese Town,Lofi
Best of lofi hip hop 2021 ‚ú® [beats to relax/study to],"Listen on Spotify, Apple music and more ‚Üí https://fanlink.tv/BestofLofi2021 The new Lofi Girl compilation ‚ÄúBest of 2021‚Äù is out now ...",Lofi Girl,Lofi
Chill Lofi Beats Mix [chill lo-fi hip hop beats/Study &amp; Relax Music],"lofimusic #chill #lofi #lofihiphop # Chill Lofi Beats [chill lo-fi hip hop beats] Chill Drive - Lofi hip hop mix - Stress Relief, Relaxing ...",Art Is Sound,Lofi
ÔºÆÔΩâÔΩáÔΩàÔΩî Ôº§ÔΩíÔΩâÔΩñÔΩÖ ~ lofi hip hop mix ~ beats to chill / drive to,Listen to PUEBLO VISTA // ‚ü™ pvmm ‚ü´ ‚Üí https://pvmm.ffm.to/lofivibes ‚Üí https://pvmm.ffm.to/chillbeats ...,Mimi Lofi Chill,Lofi
Chill Lofi Mix (Fall 2024) [chill lo-fi hip hop beats],"Chill lo-fi music to help you work, study or relax. Thank you for listening Listen on Spotify, Apple Music & more: ...",Settle,Lofi
1 A.M Study Session üìö [lofi hip hop],"Listen on Spotify, Apple music and more ‚Üí https://fanlink.tv/lofigirl-music | Create your lofi avatar now ...",Lofi Girl,Lofi
Chill Summer Lofi [chill lo-fi hip hop beats],A chill selection of instrumental lofi beats for the summer season. üèùÔ∏è Subscribe: http://youtube.com/@settlefm Listen on ...,Settle,Lofi
Cozy Night Vibes | Lofi Chill Beats for Sleep &amp; Relax üåô,"A calm and cozy lofi beats mix for quiet nights and peaceful vibes. Perfect for reading, relaxing, or falling asleep. Let this ...",Lofi Shelter,Lofi
Lofi Chill Mix üåÉ Retro Rooftop Ambience in Tokyo | Relaxing Beats for Work &amp; Focus,Lofi Chill Mix Retro Rooftop Ambience in Tokyo | Relaxing Beats for Work & Focus #LofiHipHop #JapaneseLofi #RetroVibes ...,Lofi Tokyo Dreams,Lofi
Lofi HipHop Mix üåª Happy and Uplifting Beats for a Beautiful Day,Lofi HipHop Mix Happy and Uplifting Beats for a Beautiful Day ...,Lofi & Chill Beats,Lofi
Chill Study Beats 4 ‚Ä¢ jazz &amp; lofi hiphop Mix [2017],Listen to Chill Study Beats 9! „Éª https://chillhop.ffm.to/csb2025.OYD/youtube Thanks to all 1 million of you who share the love for ...,Chillhop Music,Lofi
Ôº≥ÔΩçÔΩèÔΩãÔΩÖ„ÄÄÔº°ÔΩéÔΩÑ„ÄÄÔº£ÔΩàÔΩâÔΩåÔΩå üö¨ Lofi Hip Hop üéµ [ Beats To Smoke / Chill / Relax / Stress Relief ],Ôº≥ÔΩçÔΩèÔΩãÔΩÖ Ôº°ÔΩéÔΩÑ Ôº£ÔΩàÔΩâÔΩåÔΩå Lofi Hip Hop [ Beats To Smoke / Chill / Relax / Stress Relief ] ...,Chill Melodies,Lofi
90&#39;s Lofi City üåßÔ∏è Rainy Lofi Hip Hop üé∂ Lofi Music &amp; Rain Sounds,90's Lofi City üåßÔ∏è Rainy Lofi Hip Hop Lofi Music & Rain Sounds 90's Lofi City üåßÔ∏è Rainy Lofi Hip Hop Lofi Music & Rain ...,Chill Cities Vibes,Lofi
Chill Summer Beats [chill lofi hip hop beats],"A selection of chill lo-fi beats for the summer season. Listen on Spotify, Apple Music & more: https://listen.settle.fm/playlists ...",Settle,Lofi
Why the rush? - lo-fi beats for work/study / cat jazz,jazzhop #chillhop #citypop #rainlofi #lofirain #studymusic #studywithme #lofi #lofihiphop #lofibeats #beatstostudy #chillmusic ...,chill chill journal,Lofi
lofi hip hop radio üìö beats to relax/study to,"Listen on Spotify, Apple music and more ‚Üí https://link.lofigirl.com/m/music | Lofi Girl on all social media ...",Lofi Girl,Lofi
Enchanted Forest üçÉ Chill Lofi Beats,Listen on Spotify https://spoti.fi/43uhUi9 tracklist: 0:00 Medda - when it rains https://soundcloud.com/imedda/when-it-rains 2:38 ...,the bootleg boy,Lofi
"Chill Vibes üéßüòåüí® Lofi hip hop ~ Healing Music, Relaxing, Study To","chilli music: https://open.spotify.com/playlist/5SDPei4m0IuABIYRsDJcBC Chill Vibes Lofi hip hop ~ Healing Music, ...",chilli music,Lofi
Chill Drive - Aesthetic Music ~ Lofi hip hop mix,Music provided by Chill Beats Records: https://spoti.fi/3CDd8Cq | Stream it: https://listen.chillbeats.com/chillbeatsmusic | Lofi ...,chilli music,Lofi
"lofi sleep, lo-fi rain üí§ 8 hours mix üò¥  beats to sleep/chill/relax to - music for insomnia &amp; anxiety",Listen to this playlist on your favorite platform: Spotify: https://sleeptales.lnk.to/lofisleeplofirainYM/spotify Tidal: ...,Sleep Tales,Lofi
"Upbeat Lofi - Deep Focus &amp; Energy for Work [R&amp;B, Neo Soul, Lofi Hiphop]",Power through the day with our lofi hiphop for deep focus and energy. Become A Lofi Soul & Subscribe: ...,A Lofi Soul,Lofi
Night Smoke Lofi üö¨ Lofi Hip Hop &amp; Chillhop Mix ~ Relaxed Vibes for Smoking,Night Smoke Lofi Lofi Hip Hop & Chillhop Mix ~ Relaxed Vibes for Smoking https://youtube.com/live/_-UlZAdX8Ec Night Smoke ...,Mimi Lofi Chill,Lofi
"Morning Energy Boost with Lofi ‚òÄÔ∏èüé∂ | Uplifting &amp; Chill Beats for Focus, Relaxation &amp; Productivity",Welcome to Owl Lo-Fi Music Indulge in the delightful and heartwarming sounds of our adorable lofi Owl mix! Whether you're ...,Owl Lo-Fi Music,Lofi
Get Sleepy üí§ Chill Lofi Beats üõå beats to sleep / chill to ‚Ä¢ lofi type beat,Get Sleepy Chill Lofi Beats beats to sleep / chill to ‚Ä¢ lofi type beat https://youtube.com/live/i8WVCyb2Zk4 Get Sleepy Chill ...,Chill Melodies,Lofi
Waffle‚Äôs Forest Book Nook üìö Soft Lofi to Escape With#lofihiphop #chillmusic #coffeemusic #studymusic,"Otterspace Lofi   Float away on calming beats for study, coffee breaks, relaxation  Jazz HipHop... Curated Lo-fi & Chillhop ...",Otterspace Lofi,Lofi
Quiet Solitude - Lofi Song ~ Lofi hip hop mix ~ Stress Relief / Relaxing Music / Smoke &amp; Chill,Quiet Solitude - Lofi Song ~ Lofi hip hop mix ~ Stress Relief / Relaxing Music / Smoke & Chill | Chilli High: ...,Chilli High,Lofi
"Seaside Coffee üçµ Feel your peace &amp; Relax üå± Coffee Morning | Lofi Hip Hop - Chill to work, relax",Healing me: https://open.spotify.com/playlist/5qjqOmpbWnorOGrD4N2lHd?si=28ccf74df96f4273 Seaside Coffee Feel your ...,Healing Me,Lofi
Lofi Work Space üìÇ Deep Focus Study/Work Concentration [chill lo-fi hip hop beats],Lofi Work Space Deep Focus Study/Work Concentration [chill lo-fi hip hop beats] #Lofi #DeepFocus #Concentration #Daily ...,ùóñùóõùóúùóüùóü ùó©ùóúùóüùóüùóîùóöùóò,Lofi
"Neo-Soul &amp; Jazzy R&amp;B Lo-Fi üé∂ | Chill Soul Beats to Unwind, Focus &amp; Vibe",lofisoul #neosoulvibes #neosoulmusic #lofirnb #souljazz #ChillBeats #relaxingmusicforstudy #FocusVibes #unwindandrelax ...,SoulFi Room ,Lofi
